CustomerID,recency,frequency,monetary
15720,24,1,598.73
14297,17,4,1305.3299999999997
16551,95,3,922.12
13297,7,4,2089.85
14448,9,2,375.35
14491,175,2,340.93
13284,330,1,201.19
13939,23,3,568.55
17126,152,5,989.45
18212,326,1,216.07
17263,208,1,63.440000000000005
13322,17,1,199.48
16283,5,5,1570.81
13565,19,2,240.22
13474,236,1,226.83999999999995
15098,182,3,39916.5
12879,44,3,573.22
16104,61,1,298.21000000000004
17527,53,4,939.37
14620,205,2,412.78000000000003
17162,28,10,1715.46
13946,79,3,561.57
15804,0,13,4206.389999999999
14434,21,6,1372.8
17509,57,8,6083.639999999999
18102,0,60,259657.3
16729,38,21,7205.33
14293,3,4,1046.56
13486,78,3,1122.4099999999999
16125,367,1,289.35
15889,156,2,420.07
15696,33,8,2711.1099999999997
15164,68,3,824.58
16519,25,2,215.08
13061,72,1,248.61
17047,85,3,1100.8999999999999
13185,267,1,71.4
15281,58,9,2332.1499999999996
13462,252,1,151.5
14959,64,4,695.4199999999998
13066,24,2,470.79999999999995
16693,68,2,477.85999999999996
13447,23,3,1129.1400000000003
14525,19,9,4215.9000000000005
18265,72,2,801.5100000000001
13157,49,4,1741.2199999999998
14702,1,17,3251.79
17864,12,3,554.85
15468,51,2,467.51
14603,274,1,660
15577,151,3,258.88000000000005
12851,96,1,131.80999999999997
14400,149,1,574.6999999999999
17481,3,4,1255.59
14618,9,3,553.44
13846,24,3,865.0600000000002
14329,17,7,4975.24
18277,58,1,110.38
15380,8,5,1690.26
14189,2,15,4654.08
13011,372,1,50.550000000000004
17354,50,1,1393.06
14473,74,2,234.34
12885,63,3,1175.2199999999998
15569,103,5,1375.71
15632,15,8,3285.3100000000004
17337,151,4,1981.06
15945,365,1,181
13802,138,3,4599.42
15955,24,14,4416.26
15240,44,5,1706.57
12904,18,2,496.06
16776,60,1,371.54
15450,30,1,429.84
17499,289,1,622.88
12940,54,2,899.69
16725,302,7,758.27
17470,44,5,1125.0700000000002
16689,75,2,422.59999999999997
17917,45,3,335.03000000000003
13803,255,1,277.07000000000005
14257,64,5,3099.7200000000003
15703,264,1,211.5
17447,40,2,541.53
14796,1,17,7975.49
18065,5,14,2392.83
13349,10,1,247.32
18209,28,1,139.10000000000002
16201,3,4,1863.4700000000003
15074,105,1,735.6700000000001
13317,66,6,2273.6800000000003
15861,12,8,3146.92
18088,61,1,166.02999999999997
14883,18,6,761.5899999999999
15096,42,1,219.39
13228,81,1,358
18198,4,17,5425.560000000001
13102,1,24,6424.089999999999
14716,43,2,307.50999999999993
16881,66,1,432
17213,40,7,2781.2300000000005
17495,7,2,497.56000000000006
16027,91,6,934.6199999999999
13790,4,1,348.79999999999995
18159,301,1,530.1500000000001
18004,362,1,157.91999999999996
14071,3,8,1437.5700000000002
14499,26,3,808.44
14496,311,2,538.8100000000001
16784,19,1,107.6
14105,239,1,1266.23
15700,172,2,696.6799999999998
13888,119,2,595.67
16245,23,3,1413.66
16872,77,3,680.02
14790,16,4,745.0600000000001
13761,50,2,1070.65
14403,130,4,1475.8100000000002
14215,11,6,1789.72
17754,0,5,1664.6499999999999
13070,192,1,228.8
16311,17,2,616.26
14474,46,1,547.6600000000001
17061,73,11,5232.23
18218,211,2,641.9200000000001
16037,269,3,855.0200000000001
12840,143,4,2726.77
13684,285,1,65.13000000000001
13414,133,3,1390.5
13475,191,4,1431.7800000000002
13563,84,2,777.53
15122,114,3,1633.7799999999997
13300,169,1,371.89
15206,10,4,420.3
13654,43,6,2707.33
12922,161,1,405.38
15983,22,4,1465.12
15148,10,1,301.29
16146,157,3,734.1299999999999
17450,8,46,194390.78999999998
15194,3,15,7616.530000000001
15713,143,2,356.7
13637,52,3,804.3
13045,99,1,305.28
14841,53,6,3295.7599999999998
17680,23,1,184.39999999999998
13485,233,1,454.24
15489,22,3,1134.28
13427,19,3,582.6
16153,49,5,1824.23
14467,17,4,596.2600000000001
13316,37,4,5732.93
17432,18,2,365.76
13726,38,2,1079.6599999999999
14739,4,7,3902.2799999999997
17574,242,1,185.64999999999998
13144,332,1,110.94999999999999
15280,172,1,113.12
16719,14,7,1770.22
17897,172,3,541.8100000000002
14479,253,2,316.24999999999994
17519,17,6,1844.02
13477,37,6,1454.5800000000002
13117,21,8,984.9100000000001
15363,372,1,326
14950,19,1,371.2
15579,68,2,327.59999999999997
17278,241,1,246.04000000000002
13882,2,5,1191.13
14775,58,3,1011.8999999999999
13103,39,1,243.94
15236,298,1,321.04999999999995
17147,22,4,1714.59
15522,32,2,397.98999999999995
14149,220,1,446.62000000000006
15749,235,3,44534.3
16905,5,7,3037.6
17619,312,1,214.36999999999998
15758,24,1,205.25
14607,15,14,16209.5
14410,92,9,1100.2700000000002
13980,60,1,200.14000000000001
14795,166,1,131.45
17779,21,3,650.32
13791,127,2,1516
15977,17,2,1054.73
17579,4,3,448.8999999999999
17930,35,5,1740.4799999999998
17719,37,15,5396.04
15555,12,16,4794.86
16685,61,2,324.24
17593,3,5,3923.86
13448,16,6,3534.6900000000005
13503,71,1,216.85000000000002
17793,25,1,300.34
16306,213,6,632.27
14868,3,8,2953.59
15925,194,1,207.14999999999998
13594,52,1,396.97
14024,121,2,327.70000000000005
14549,311,1,289.24
13927,74,1,348.99000000000007
12877,3,12,1535.7700000000002
17053,130,1,498.47999999999996
16348,32,7,1415.65
17398,114,3,653.38
13166,283,1,417.20000000000005
17125,50,1,230.5
13307,120,1,15
14753,87,1,563.1499999999999
15832,254,1,836.7900000000001
16030,309,1,331.24
13263,1,35,7436.93
15904,8,1,164.67999999999998
14104,154,2,216.20999999999998
13579,14,2,467.0400000000001
13833,159,1,383.8499999999999
16160,65,2,1025.44
16367,37,2,800.6699999999996
15104,196,2,993.5400000000001
18048,203,2,172.29000000000002
15866,101,1,211.89
17709,169,1,137.45
13003,105,3,149.05
15992,3,1,41.989999999999995
16440,7,5,3640.6699999999996
17620,59,1,81.44
17153,24,1,213.77999999999997
15405,189,1,349.1
15690,4,2,239.76
16048,373,2,256.44000000000005
16866,140,3,207.73999999999998
17361,49,3,488.20000000000005
14551,18,2,186.23000000000002
14420,99,1,387.52
18147,45,2,179.33999999999997
14415,1,13,5855.57
17367,238,1,167.54999999999998
15244,65,2,631.5699999999999
15543,288,1,127.86
17501,220,2,288.59999999999997
12994,4,3,974.42
17652,25,12,4867.72
13094,21,12,1927.3200000000002
15034,15,8,4274.16
12854,78,3,1316.2500000000002
17434,2,7,2373.8199999999997
16933,1,2,563.23
14206,239,1,328.15999999999997
13220,78,4,819.29
13456,17,6,1766.72
14002,134,2,529.7299999999999
14100,137,1,191.95000000000002
15837,64,1,391.98
16297,268,1,301.90000000000003
16909,72,1,379.14
18084,16,1,90.47999999999999
17466,10,2,763.28
15553,60,1,428.92999999999995
17961,21,39,1296.44
13269,1,15,5343.280000000001
15733,282,1,162.3
13272,31,2,276.56000000000006
16610,219,1,75.66
13069,0,24,4431.4400000000005
14451,60,2,643.9000000000001
16999,23,2,484.82
14088,10,13,50491.81
15612,36,2,195.15
13419,63,1,221.06
16055,220,1,134.8
15810,78,4,1391.98
15651,36,3,646.3
15222,318,1,585
15467,9,3,524.88
16811,4,2,547.0699999999999
15500,8,4,1131.5600000000002
14174,33,1,134.46
13120,238,1,30.599999999999998
17496,358,1,271.05
15230,239,2,429.6
13471,1,4,2501.84
14963,9,5,1472.34
17223,310,2,416.89
17247,15,1,280.09000000000003
13389,11,3,797.9599999999999
16123,51,1,307.78000000000003
17685,16,7,3155.8299999999995
12888,214,2,354.12
13246,18,6,1961.52
18150,32,3,566.5800000000002
15339,66,2,574.0699999999999
14493,7,5,2383.2400000000002
14628,91,2,671.9599999999999
15017,33,1,125.58000000000001
15027,30,4,1066.15
14141,2,4,915.1300000000001
17046,157,1,642.0199999999999
17073,17,4,1446.0900000000001
14143,133,1,115.8
14748,29,5,1415.75
14699,214,1,109.13000000000001
16172,95,5,1140.2100000000003
17714,320,1,153
14508,22,2,268.05000000000007
17070,114,1,304.23999999999995
14001,45,3,2043.0800000000002
14273,51,4,559.97
14793,21,1,228.99
18226,44,11,5228.050000000001
17313,31,1,2328.84
14778,127,2,730.8599999999999
13827,57,3,409.8
17513,72,1,513.2
13368,256,2,623.4
16570,15,10,3738.4
13382,280,1,222.99
17198,23,3,692.2199999999999
13692,24,3,1488.32
13372,89,1,378.63999999999993
15271,7,15,2493.34
16218,29,7,3084.68
13060,253,1,307.53000000000003
16671,28,3,1692.27
13690,59,1,172.25
16229,87,2,1010.5999999999998
17222,65,1,328.65
17642,119,2,712.29
17415,79,1,507.8399999999999
16261,17,4,728.5400000000001
16961,116,1,234.17000000000002
15381,213,2,596.85
16655,17,6,3789.52
14533,24,7,1949.7200000000003
15127,65,1,406.53000000000003
15835,44,4,954.09
15598,53,1,240.68
17623,32,1,527.0500000000001
13422,64,1,2626.3
15353,254,2,770.1200000000001
14501,183,2,251.21
18008,70,9,2116.19
15384,169,2,642.41
13083,4,2,303.75
16226,203,3,255.12
14276,98,3,1119.7400000000002
12949,30,8,4167.22
13225,3,7,6463.84
14371,295,1,100.5
15689,119,2,254.1
14997,46,3,546.2
14480,11,1,279.05
15695,266,2,409.98
15385,40,1,316.88
12944,35,2,604.5099999999999
17589,60,4,2404.17
13982,39,4,1871.81
14494,25,1,139.56
14616,242,3,406.08000000000004
13651,35,2,94.2
15917,247,1,123.10000000000001
15610,51,1,112.46
13340,45,7,10736.48
16951,134,3,1277.7500000000002
13566,40,2,856.8400000000001
14108,30,2,597.9100000000001
16425,302,1,302.69999999999993
13787,75,2,309.04
14484,50,1,321.92
16779,2,22,10611.720000000001
14960,8,2,221.26999999999998
17026,185,2,154.82999999999998
15605,36,5,1198.23
15050,25,3,1737.69
12935,2,7,2160.7
15134,14,8,1387.99
18160,57,2,638.0600000000002
15525,2,3,734.3699999999999
17813,14,5,1698.0700000000002
17958,116,1,508.4599999999999
13044,291,1,560.47
13524,40,5,680.1800000000001
15630,45,2,1186.35
15447,330,1,155.17
15415,313,1,559.6099999999998
15458,25,1,161.64
17205,53,1,384.08
16091,154,2,315.06
14489,207,1,463.38
14800,47,12,4331.790000000001
14476,257,1,193
14594,7,2,363.3299999999999
12831,262,1,215.05
16766,273,2,1145.5999999999997
17403,36,1,263.92
14270,331,1,492.65
15813,207,2,1303.9099999999999
15497,17,2,1262.2
17429,128,3,524.9200000000001
12868,185,6,1607.0600000000002
13603,26,1,164.34
15211,60,2,894.41
16014,37,3,646.8299999999999
13170,26,1,108.81
14562,3,18,5006.77
15235,217,12,2247.51
14759,4,3,1625.97
13397,72,5,1544.1299999999999
18037,154,6,70.02
14456,5,9,3017.28
14222,177,1,683.1700000000001
17323,15,7,906.52
14487,26,6,1165.48
14178,8,7,1600.2600000000002
15018,38,3,496.21
13639,74,1,1033.3400000000001
13627,59,5,1638.47
15396,112,1,288.17999999999995
17375,199,3,400.09999999999997
16708,45,1,656.6300000000001
14465,246,3,1038.44
15520,1,1,343.5
12915,148,2,363.65
15944,276,1,325.1
16279,21,3,1502.78
14720,5,3,663.8100000000002
17017,2,20,8694.26
16826,51,1,341.70000000000005
14632,262,1,114.56
16545,164,1,339.3
16145,8,11,3799.4900000000002
15026,80,3,469
16429,106,1,284.55
14970,68,4,1592.06
14735,3,32,6065.6900000000005
15460,354,1,214.26
15103,31,2,703.3599999999999
14653,1,7,1926.6499999999999
17033,86,3,1030.14
14850,311,1,325.75
14623,32,5,886.7
16033,5,20,8778.82
18170,33,3,980.3100000000001
15004,147,1,1220.77
16330,17,3,251.91
17616,173,3,571.2
17716,22,11,5655.99
13301,103,4,618.09
14124,84,1,419.58000000000004
16363,53,1,109.36000000000001
14298,8,44,51527.299999999996
15899,368,1,56.25
16904,4,16,3653.7500000000005
17604,217,2,309.35999999999996
18013,155,2,187.29
17588,100,3,1240.2
15181,66,3,689.48
16669,23,3,1348.88
14715,24,4,867.3800000000001
17347,86,1,228.96
12891,185,3,331
14824,10,4,1127.7100000000003
16143,3,6,2424.94
17734,53,3,700.63
13870,2,8,2770.94
16513,4,4,874.5899999999999
15657,22,1,30
13517,59,3,2128.42
18221,22,5,1041.6100000000001
13999,10,12,3901.81
14388,10,8,3212.84
12982,242,1,390.53999999999996
17684,43,1,239.41
16107,17,7,3204.16
16582,113,1,313.61999999999995
16932,53,1,150.23
12867,26,7,4009.3399999999997
14754,44,2,638.05
15414,9,3,774.9
13635,67,1,1071.03
16024,12,1,251.03
13601,45,2,693.32
15382,14,6,5955.709999999999
16767,30,11,5575.5599999999995
18068,289,1,101.69999999999999
17425,19,2,759.1700000000001
17895,44,1,95.44999999999999
17324,17,4,986.4799999999999
16227,225,1,314.22
12955,1,11,4757.160000000001
13453,165,2,356.97999999999996
17615,130,3,329.6000000000001
15219,176,1,305.75
16553,163,12,5719.82
13614,24,4,1585.46
16836,39,2,251.87
13362,9,4,3090.7400000000002
13394,1,8,2520.0200000000004
17314,24,8,2527.92
15572,4,7,2533.42
14857,59,2,1173.12
15139,239,2,178.96
17282,130,3,1685.46
14606,1,93,12076.15
14784,26,2,289.99
14012,277,1,328.8
16016,3,8,1465.51
16407,12,10,2079.6800000000003
15781,25,3,345.46000000000004
15603,78,1,48.480000000000004
16657,9,4,874.43
17058,81,3,1179.8899999999999
17037,87,1,1267.32
15677,49,1,657.23
12878,236,2,854.99
16824,15,2,460.64
14684,25,5,1201.5099999999998
14292,7,9,4871.929999999999
13642,215,1,312.28000000000003
15958,74,1,104.35
18154,3,2,399.18999999999994
17553,129,1,1487.6
13750,53,5,1647.26
15969,2,3,666.0999999999999
16747,37,2,836.06
16040,65,3,1313.5500000000002
14066,266,1,152.55
12827,5,3,430.15
15530,21,4,1497.3100000000002
18092,2,11,9068.26
15038,58,6,685.74
15335,53,1,170.22
13352,60,1,397.97999999999996
13728,36,6,1016.1400000000001
13131,23,3,1073.2999999999997
16897,299,2,289.78
17941,130,1,304.56
16180,100,8,10254.18
13224,60,2,2155.9499999999994
13630,5,7,2031.7800000000002
13500,23,3,1166.77
16216,267,1,914.9299999999998
17204,175,4,1564.56
16414,21,2,126.25
13801,66,1,324.79999999999995
17086,7,6,2050.08
15053,4,3,693.9499999999999
17747,112,1,71.4
17646,219,3,1008.39
13695,31,15,2504.13
16807,142,3,1121.59
16573,84,2,663.61
16233,71,3,536.68
14659,8,9,2529.93
15691,252,1,136.8
16690,72,2,225.57999999999996
18015,4,1,120.03000000000002
16101,70,1,1290.6999999999998
13396,29,2,1360.99
17174,217,1,59.9
15350,373,1,115.65
16496,8,3,1599.52
12997,22,4,1226.89
15059,40,9,1337.7199999999998
13974,49,1,413.59
14475,71,3,925.8499999999999
17187,226,1,203.95
12875,143,2,343.2300000000001
18074,373,1,489.6
15881,312,5,501.39000000000004
13148,29,12,3683.26
17230,264,8,3638.41
17881,304,1,133.35000000000002
13487,57,3,575.4000000000001
16000,2,3,12393.699999999999
12890,24,1,376.71999999999997
18172,14,20,7561.68
17899,159,1,154.55
15641,105,4,1887.2
18144,7,12,2888.7500000000005
16648,42,1,290.65999999999997
16624,80,2,810.5699999999999
15584,23,4,720.8600000000001
15316,326,1,165
14729,373,1,313.49000000000007
15867,5,15,3810.1400000000003
14527,2,55,8507.130000000001
18062,173,3,720.5200000000001
15872,14,2,316.25000000000006
13715,281,5,1077.3899999999999
15395,325,1,107.45000000000002
13496,10,2,653.3299999999999
17913,58,2,408.65
18205,36,2,517.3599999999999
15825,172,1,532.94
16697,241,1,112.75000000000001
13395,185,1,307.71999999999997
15780,183,3,475.28
14507,23,6,1367.8799999999997
17591,73,7,2203.67
17976,372,1,321.78999999999996
13435,5,7,3809.89
14307,88,6,2995.72
17693,137,1,200.46999999999997
16360,4,6,3450.41
14869,8,2,721.45
17637,31,2,547.0600000000001
12952,5,4,1387.79
14220,247,2,632.3999999999999
16349,290,1,53.5
14837,89,4,1649.5000000000002
15980,88,3,2398.8599999999997
15987,12,7,1432.77
13089,2,97,58762.08
17749,178,2,674.52
17229,96,2,318.76000000000005
17830,1,3,398.69999999999993
13319,5,26,10845.55
15721,11,1,471.4000000000001
14285,21,4,1910.0100000000002
14046,284,1,154.99
14880,77,3,690.59
14390,10,9,4642.57
15845,17,8,3711.77
15475,77,1,454.10999999999996
14631,50,3,1006.98
13439,255,1,283.71
15175,71,1,224.14000000000004
17014,8,3,583.4300000000001
14289,8,6,911.26
16096,264,1,320.62
17924,11,7,2962.500000000001
15443,1,7,3213.59
18158,9,2,453.4
13583,155,1,781.03
16753,58,1,223.92
13350,16,2,979.12
13468,1,37,5704.969999999999
16711,3,5,1651.03
14211,53,9,2241.1000000000004
15454,362,1,179.10000000000002
13140,108,3,422.47
14803,162,3,845.55
17385,14,1,256.11
17220,24,14,3187.5499999999997
14804,8,1,353.27
17990,236,3,630.84
16072,288,1,584.32
18202,199,3,1396.9900000000002
15581,120,13,3675.77
17148,51,1,124.88
16041,30,3,3166.4
15740,49,1,154.88000000000002
15800,107,2,696.89
18082,25,1,680.8399999999999
13894,23,3,564.6200000000001
13854,8,25,8109.52
14344,127,8,889.9300000000002
13618,173,1,177.34
17656,73,5,1674.6900000000003
17157,7,2,319
15277,46,1,255.89999999999998
13967,145,1,80.7
18014,28,1,162.22
15847,38,2,389.2699999999999
16907,29,5,928.76
14171,98,1,363.79
13992,30,1,76.8
16809,23,5,914.69
16274,373,1,351.75
17084,35,2,2747.99
17904,21,1,181.07
18101,11,2,222.4
13739,18,1,216.9
15508,189,6,1000.2700000000001
17705,3,9,1823.52
13176,46,1,481.49000000000007
14873,210,1,519.6800000000001
16892,1,5,518.19
15504,81,1,52.83
16380,61,1,1743.15
14608,4,4,1785.1499999999999
16105,248,1,336.96
15551,36,1,436.05999999999995
15863,25,2,68.84
15834,70,4,2225.15
16460,28,3,811.23
14062,9,12,10464.850000000002
16017,47,1,211.88
14867,185,3,710.28
13988,19,6,4147.96
13890,1,10,1883.8100000000004
17896,23,1,256.32
13327,38,8,3627.77
17643,373,1,101.55
16386,28,2,302.56999999999994
16778,74,2,245.94
17596,23,7,2806.69
17031,11,2,380.35
14823,180,3,321.42999999999995
12923,64,1,172.81999999999996
17188,11,7,2474.23
16750,44,5,623.9300000000001
17360,17,3,568.2400000000001
13255,9,2,399.51
16103,7,6,1429.6399999999999
17624,14,2,843.48
17115,8,3,837.4999999999997
15729,212,1,85
14210,105,6,1905.8400000000001
15864,22,6,1936.3200000000004
18231,192,5,2071.7699999999995
13672,301,2,186.39
14135,1,15,4690.3099999999995
17004,46,2,1312.14
16156,8,9,3092.04
15304,60,8,694.4000000000002
12995,85,1,211.32
16698,226,2,1998
18005,3,2,226.47
16855,23,2,328.40000000000003
15822,3,2,885.4699999999999
15707,35,4,916.9799999999998
16400,94,1,303.93
16744,11,7,1291.9099999999999
15857,18,1,296.99999999999994
12928,35,5,2062.7
17420,50,3,598.83
14234,22,4,754.1200000000001
15880,369,1,329.03
15347,366,1,201.59999999999997
17250,3,2,381.97
14964,247,1,206.21
16666,19,1,118.97999999999999
18072,185,1,247.44
13188,11,1,114.60000000000001
17041,26,3,1071.49
15734,114,2,1339.45
13589,14,2,379.65000000000003
13867,31,3,1005.0899999999999
13403,17,1,75
16080,81,2,217.16000000000003
14130,319,1,480.9100000000001
17873,80,5,1848.9600000000005
17854,185,2,311.26
14727,274,1,268.58
14233,49,4,1462.7200000000003
13924,1,6,1838.85
18009,235,1,247.39000000000001
14962,270,1,126.70000000000002
15066,53,1,893.59
13261,268,2,944.1
15785,32,5,2328.9700000000003
16139,18,3,635.4100000000001
17183,7,6,3347.31
13621,116,1,213.85
16923,12,19,7069.08
16756,214,1,239.40000000000003
15576,37,1,921.37
15826,56,3,1654.3100000000002
17158,32,3,1266.97
18059,23,3,306.46
14382,26,1,615.4899999999999
16235,40,5,867.3099999999998
15253,16,5,918.1999999999998
17206,53,1,204.24
13898,325,1,155.93
17201,53,1,289.78000000000003
16275,196,1,559.87
15348,72,1,158.04
14015,52,1,917.34
15152,9,13,4745.6900000000005
14396,65,2,487.99000000000007
15412,171,1,190.53
16350,21,4,1116.47
15529,22,11,3962.6
14515,17,6,2076.8900000000003
16735,78,5,2247.4100000000003
18016,32,5,1477.66
16432,64,1,287.4
13122,94,2,922.39
15545,54,2,288.97
14064,29,5,1334.3399999999997
17526,4,4,1195.9
17653,36,4,1207.56
18164,37,1,399.65
16885,15,3,450.4100000000001
17154,75,1,329.34
14805,15,4,546.4000000000001
16774,67,4,661.52
13115,11,4,2294.7799999999997
15994,54,1,414.27000000000004
17891,162,1,203.85999999999996
14644,67,2,830.76
13452,259,2,590
17602,2,6,5054.42
15938,112,5,404.58
16841,36,6,1869.82
15537,163,1,110.92000000000002
14513,100,3,455.59000000000003
15132,18,5,977.93
16791,29,7,1705.7799999999997
14047,8,5,1308.6100000000001
17301,21,1,163.24
13682,187,1,59.5
16317,119,3,1341.65
18210,1,6,2621.38
14315,44,6,2481.13
15163,18,2,304.4699999999999
16531,22,7,1244.59
15746,134,1,196.88000000000002
15142,46,1,498.74000000000007
17870,2,12,1865.8899999999999
16412,53,1,135.99
18087,98,2,4055.7199999999993
14643,170,2,693.81
15839,33,3,1048.49
17018,40,2,920.1
16340,107,1,534.31
17732,372,1,303.96999999999997
16967,189,1,319.02
13592,35,4,247.95999999999998
17111,47,1,231.60999999999999
15146,164,2,1327.16
17128,334,1,157.08999999999997
17419,11,12,4226.57
14418,3,3,1937.25
16852,10,2,144.91
17863,59,6,3160
13859,326,1,201.16
13947,65,1,90.6
15795,149,1,610.01
13769,2,10,2796.51
14656,169,2,291.05
13708,271,1,285.3299999999999
13390,74,1,544.08
14844,63,4,3189.8100000000004
14173,10,4,450.8400000000001
16008,23,3,478.78000000000003
15535,173,4,502.90000000000003
14998,170,2,414.87
15676,18,3,3435.7599999999998
15922,373,1,369.50000000000006
16880,30,7,1491.43
15311,0,91,60632.75
16491,46,1,731.5
18104,37,1,754.6400000000001
16637,32,4,1154.4700000000003
16633,17,6,2883.1000000000004
15759,218,3,253.04000000000002
15570,7,12,4148.82
16916,23,2,562.41
15272,57,2,721.94
14692,137,4,591.5500000000001
14698,1,5,1217.27
13097,32,10,6003.22
14853,24,2,475.79999999999995
17738,19,4,1879.05
18194,82,1,973.8399999999999
16898,26,3,501.03
17259,148,2,581.2299999999999
17786,85,2,266.8500000000001
17837,42,8,1541.23
12947,143,6,1603.99
18061,21,10,2119.41
15234,276,1,197.00000000000006
17059,29,5,3080.39
18180,4,6,1843.7500000000005
14423,218,1,265.2
13577,25,4,1687.6000000000001
18064,133,2,814
16224,57,4,1295.3
16318,35,1,328.15
15319,283,1,204.5
16116,211,1,612.7800000000001
15397,289,1,94
15158,45,1,401.4000000000001
15329,39,3,1049.7
16098,87,7,2005.63
15153,31,1,329.25
12987,73,2,558.7
14626,23,4,2791.27
16732,31,1,603.7499999999999
17226,308,1,393.48999999999995
17832,49,1,155.37000000000003
14339,242,1,309.52
13951,176,3,674.4499999999998
15063,213,1,370.79999999999995
14647,201,1,236.04
15453,1,7,1371.77
15092,215,2,457.80999999999995
18067,40,1,396.33000000000004
17414,43,2,778
17571,50,4,1425.67
13887,204,1,349.54999999999995
13239,261,1,329.56
15016,172,1,170.04
12886,67,2,1378.3999999999999
15903,9,7,5126.76
17372,40,8,1337.18
16071,44,1,326.24
17768,8,3,2081.9
13777,0,33,25977.160000000003
13450,26,6,2043.72
16445,33,1,230.51000000000002
16212,19,2,690.3399999999999
12913,4,5,2483.6299999999997
14779,280,3,386.15
14099,16,11,3104.17
17886,31,3,869.28
13095,70,1,74.4
12834,282,1,312.38
17340,29,11,12353.29
17114,5,8,801.12
18130,15,3,1059.3899999999999
15203,25,6,1827.8
15068,46,2,553.36
12748,0,210,33053.19
15658,190,5,1024.1
14139,46,1,415.81999999999994
13192,95,2,911.9400000000002
16419,112,6,958.71
15670,296,1,173.05
16926,371,1,230.25000000000003
16668,15,6,306.71999999999997
15692,28,1,191.03999999999996
16365,17,9,1540.42
15594,15,5,1771.7800000000002
15118,134,1,244.8
16754,372,1,2002.4
13512,260,1,251.20999999999998
16589,71,3,459.24
14159,19,11,4630.35
15918,190,2,334.23
13308,22,3,1385.51
13431,67,2,1269.1
15054,12,2,302.1
16523,1,21,9418.470000000001
13918,49,2,1212.8400000000004
16179,60,1,215.83
15198,92,2,193.64
15502,15,12,10384.929999999998
16093,106,1,17
16592,4,16,4113.68
15793,14,3,965.6099999999999
13233,74,2,605.1199999999999
17670,227,1,205.7
14379,44,2,348.1
13590,11,6,1981.9199999999994
15075,77,1,773.03
14288,213,1,426.6
17770,198,5,1143.2699999999998
13285,23,4,2709.1200000000003
17088,28,4,1991.0100000000002
14338,161,2,588.2199999999999
14920,212,2,977.77
15113,9,3,3509.4299999999994
14129,1,5,1123.8600000000001
17455,203,1,131.7
13104,3,6,1098.48
15862,8,4,832.88
15739,66,1,449.12
14389,65,2,1043.46
13049,64,2,656.6800000000002
14929,32,1,223.88
13299,268,1,142.5
14530,25,6,2862.11
15809,36,5,515.77
15796,1,8,2708.61
15051,23,3,1383.3600000000001
14723,10,6,1122.3600000000001
13596,5,2,664.11
15220,51,6,1778.9599999999996
13311,4,2,598.57
15628,4,9,2870.24
14193,67,2,853.3900000000001
17024,45,3,95.85
18024,152,2,389.78
18196,95,2,686.6300000000001
15216,87,1,96.6
14946,14,1,100.9
16781,372,1,311.25
17412,2,7,1258.0600000000002
13647,9,4,1648.1200000000003
18117,25,1,315.65
17991,225,2,93.35
13363,17,2,992.5
14896,204,2,468.77000000000004
13356,80,1,768.2400000000001
17781,159,2,188.01999999999998
17155,17,2,251.69999999999993
18116,67,8,1403.1100000000001
15975,84,1,371.01
17629,5,8,1814.12
14903,21,5,2795.33
13481,45,5,1804.5600000000002
18127,19,3,347.08
14232,42,5,2048.07
16930,26,3,378.89
14438,306,1,131.9
15301,50,12,5049.949999999999
16387,322,1,94.36
15344,0,3,563.9399999999999
14947,72,2,290.82000000000005
17002,85,3,1493.7300000000002
16620,3,2,178.96
12925,4,2,694.05
14560,7,22,2237.7699999999995
17594,85,2,993.1800000000001
16763,198,1,611.8500000000001
13059,249,1,183.4
15300,64,1,496.43999999999994
14924,245,1,310.05
14411,310,1,1063
16818,10,11,3349.5699999999997
14667,10,25,9175.04
13573,50,2,290.25
17325,280,1,96.8
16810,192,1,309.53999999999996
13863,247,1,305.78
13291,155,1,361.11
15874,63,7,4405.88
15978,77,1,1098.78
18167,23,3,1384.86
17556,205,1,157.9
15592,46,1,388.58
17517,308,1,153.94
17758,19,8,3408.2000000000003
17614,57,1,386.32
16950,56,3,1178.56
16141,88,1,620.4
13365,33,2,2225.37
15062,71,4,987.86
12821,214,1,92.72
15644,166,4,803.54
16532,17,3,6748.8
12950,2,3,1843
14078,101,6,1049.37
16873,4,6,7123.620000000001
16672,2,20,8134.94
15327,52,1,208.75
13752,124,6,1175.3799999999999
14961,10,9,7044.68
14334,16,8,2552.2100000000005
15426,19,5,1404.07
16591,68,1,213.5
15372,137,1,2007.4
15664,50,1,386.43
14581,16,1,138.6
16133,3,33,14589.039999999999
14944,29,12,5900.25
13147,10,4,712.8000000000001
15484,1,4,3590.4100000000003
17750,5,9,1710.4499999999998
15364,95,2,913.1900000000002
14785,10,2,77.4
17765,158,3,367.63
15732,212,2,294.11999999999995
14577,12,4,859.71000000000015
17987,185,1,198.57
14913,35,4,1227.43
17885,12,1,156.34
13516,21,3,1389.4100000000003
15885,92,3,379.35
14300,18,1,43.2
14226,28,5,2214.7899999999995
18190,192,2,284.46
13735,24,4,2883.5399999999995
13065,373,1,205.85999999999999
14665,60,5,1835.6999999999998
18223,4,14,6484.54
14413,362,1,121.05000000000001
14050,31,2,746.3599999999999
18077,8,11,2584.41
14908,74,1,277.79999999999995
13703,318,1,99.5
13267,2,19,4521.49
14849,21,25,7930.54
17333,85,1,494.25
13804,30,7,2588.39
14351,164,1,51
15445,264,1,113.5
13885,189,2,506.8
13821,144,2,385.64
15306,64,3,1174.35
13548,96,2,678.16
15895,149,1,179.17000000000002
16679,366,1,129.75
13458,7,14,9646.57
13940,17,4,839.14
17427,71,1,100.8
18151,134,2,653.3499999999999
14741,11,6,1400.3400000000001
13012,9,8,1646.84
14621,1,5,1788.3600000000004
15124,22,2,184.19000000000003
16716,266,2,901.2
18073,114,12,3859.82
17932,29,3,1331.57
12916,138,4,2944.95
17297,17,1,128.18
17819,71,7,3704.87
13186,39,3,1575.89
17861,3,8,2097.88
14889,336,1,135.9
15032,256,3,4959.1
14005,9,5,2874.72
16927,115,3,543.0500000000001
13200,19,4,870.0900000000001
16997,288,3,702
14164,70,2,1631.7700000000004
15010,35,1,308.94
13341,260,1,775.8499999999999
13969,7,18,9024.17
13072,266,1,177.14999999999998
16190,40,1,215.08
14179,40,2,701.5699999999999
13461,38,3,1445.0000000000002
13572,205,1,1384.2499999999998
16189,15,2,215.47999999999996
12942,131,3,675.6
14657,17,4,848.22
17203,35,6,3560.08
16959,87,1,117.35000000000001
14466,29,7,2272.4
18173,86,4,2106.8400000000006
16293,21,10,2248.99
17451,1,7,1721.4
18259,24,3,2338.6000000000004
14082,364,1,182.24999999999997
18235,71,3,1796.4800000000002
15973,366,1,307.82
14393,218,1,67.94999999999999
13822,5,2,632
17894,71,8,1118.96
14140,3,2,935.05
18114,290,1,220.1
15257,283,1,317.15
17079,78,1,118.80000000000001
16712,9,11,3611.31
13638,15,1,122.64
13850,129,1,1595.4800000000002
17949,1,45,58510.48000000001
16804,23,3,536.99
13318,1,3,640.7600000000001
14745,112,5,1220.2600000000002
17110,165,1,163.3
16403,312,1,177.5
16983,12,7,1905.8700000000001
13991,12,6,852.88
13028,22,2,661.3200000000002
12930,78,2,415.8
15526,33,2,148.44
15275,37,1,615.14
13217,122,3,533.98
14976,57,7,790.86
15386,186,1,394.14
16249,52,5,1800.0700000000002
15047,269,1,343.61999999999995
15639,134,1,425.32
13718,246,2,306.55
18112,12,2,352.69000000000005
16177,50,1,331.95
15238,29,3,1071.99
15041,170,1,179.92999999999998
14195,201,2,1011.9999999999998
15260,100,7,1810.77
17706,4,17,10504.49
14009,198,2,695.6099999999999
16434,29,7,1511.8000000000002
15028,8,4,627.1300000000001
15919,19,2,525.6899999999999
14238,326,1,146.85
14267,162,3,1516.24
14586,276,1,237.36
17911,9,1,366.23
17856,1,4,1418.0300000000002
15747,12,3,946.6399999999999
16574,71,1,451.43999999999994
14049,16,4,5578.72
13710,31,1,180.48
17694,141,1,283.12
13551,319,1,91.80000000000001
16271,2,5,1404.64
17531,190,1,296.7
15165,373,1,487.75
14543,28,16,3599.73
15212,241,1,101.79999999999998
16323,196,1,207.50000000000003
14856,36,3,1290.53
16295,9,4,1328.5500000000004
16520,186,3,1046.57
13587,63,1,712.4
14886,252,1,364.79999999999995
17928,45,2,212.54000000000002
13113,0,24,12245.96
14381,52,1,202.68
17346,3,15,2622.88
14504,47,4,673.26
12820,3,4,942.34
15907,3,3,882.72
15342,129,1,406.09
13008,323,1,229.47000000000003
14485,38,1,162.8
13196,11,4,1797.78
15624,116,4,588.13
13994,3,6,2274.1400000000003
13617,40,3,544.1800000000001
17498,75,1,272.22
15290,4,18,7943.219999999999
15743,16,4,775.9599999999999
15663,106,1,138.14
15604,52,1,216.39
13135,196,1,3096
15830,37,1,576
18018,108,2,122.14
14397,2,19,2612.96
17954,5,12,2314.1299999999997
13227,201,1,257.7
14180,10,25,4748.52
12872,326,2,599.9700000000001
16113,183,1,161.38
15939,89,15,6115.009999999999
15291,25,15,4668.300000000001
16709,84,5,3029.8700000000003
16583,373,1,233.45000000000002
14697,218,2,188.60999999999996
15213,318,2,328.35
18108,254,1,271
15589,255,3,478.53
16940,52,3,3049.88
18053,70,1,300.0200000000001
16026,43,1,236.09
16394,56,5,1555.3400000000001
13709,3,13,6307.6500000000005
17912,310,5,310.06
17410,16,5,1214.72
15286,49,1,240.55
13865,58,4,501.56
15606,61,9,2920.16
16887,35,1,192.33
17254,4,2,271.19
13699,155,1,308.58
14760,297,1,89.2
17368,23,8,1878.8700000000001
13271,37,1,211.48999999999992
14554,10,4,2279.4900000000002
17878,43,1,379.45
13359,63,1,439.55999999999995
13075,129,1,919.6100000000001
15823,372,1,15
15831,58,3,794.64
13187,337,1,236.01999999999998
13081,11,11,28337.379999999997
13357,257,1,609.4000000000001
16342,75,4,322.41
13611,89,3,1154.4
17964,31,2,463.21
13064,12,4,1105.5900000000001
14806,75,1,193.39
13723,217,1,199.85000000000002
16895,64,1,202.26999999999998
15750,2,8,2463.05
16859,144,2,747.8100000000001
13697,38,1,151.3
15827,73,14,1836.09
17774,96,4,1213.73
17409,184,2,771.8499999999999
16316,64,8,2938.91
18011,373,1,102.79
13539,85,3,631.34
13302,155,1,63.75
14449,18,4,885.8000000000001
16066,16,5,1521.0400000000004
16617,235,1,151.85000000000002
17234,182,1,149.89
15528,254,1,229.32999999999998
15844,46,1,130.73999999999998
15607,336,1,104.76
14972,128,1,114.77
13491,51,10,1215.8199999999997
15485,30,3,2564.5
15814,16,4,1945.33
14385,9,3,202.10999999999999
16612,32,4,1187.6599999999999
15145,4,4,1194.7300000000002
15673,88,4,2726.2300000000005
12881,275,1,298
17034,16,3,745.5200000000001
16142,249,1,535.3399999999999
14973,107,3,1314.4499999999998
18241,9,17,2073.09
13519,78,1,122.75
14757,75,1,420.50000000000006
15266,338,1,119.30000000000001
16674,54,2,304.24
13354,71,1,743.5300000000001
14776,51,11,2538.2999999999997
17389,0,34,31833.68
15585,176,1,455.29999999999995
16506,19,2,90.30000000000001
13351,66,1,373.94
13732,28,1,491.86000000000007
15128,60,4,1471
16805,173,2,460.5899999999999
15951,8,2,708.22
16509,296,1,363.70000000000005
15986,30,1,168.11999999999998
16793,57,1,243.84
18145,12,4,2861.55
17197,29,1,1013.01
17423,46,2,698.41
17549,23,2,148.86
13607,40,1,675.5100000000001
15811,22,6,2218.62
17735,2,19,13110.02
16647,169,2,214.06
13700,26,10,2248.63
18228,56,2,779.9
17690,30,15,4726.8
13189,18,2,260.67999999999995
14258,9,9,12669.98
16115,9,8,1660.8799999999999
16108,84,1,842.5
13762,218,1,306.72
13309,7,5,1456.79
13078,3,26,12627.939999999999
15044,19,17,7634.7300000000005
13844,11,1,361.62
17697,236,1,338.95000000000005
16292,121,1,302.25
17341,156,3,682.29
17134,106,2,413.2
16385,60,3,554.8599999999999
18050,359,1,74.4
13226,273,1,108.21
15140,52,7,2354.25
13482,232,1,184.64
17164,32,7,2467.35
16079,16,3,1352.0000000000002
18174,7,1,104
14855,119,2,645.65
17142,239,1,578.9999999999999
14954,12,1,294.84999999999997
14250,7,3,1904.05
16684,4,28,66653.56
14375,185,1,235.56
17824,51,1,298.4
18097,7,6,2662.4
17159,21,3,1538.88
16713,18,15,6910.78
13266,11,12,3834.26
15326,333,1,311.7099999999999
13510,1,4,1791.56
13404,1,2,252.49
14068,320,1,265.85
17468,10,2,137
16527,81,1,228.06000000000003
15719,32,13,5030.07
13670,75,1,349.7
14887,79,1,1862
14051,0,23,15610.390000000003
17691,358,2,290.4
15799,75,3,884.14
13391,203,1,59.8
16721,262,1,292.46999999999997
14546,5,5,2573.9300000000003
17537,29,2,887.67
14045,109,4,1659.75
16470,51,4,752.77
15298,2,12,4799.9
15482,15,12,10879.76
16222,318,1,773.5500000000001
15491,95,6,3100.09
13704,5,9,2308.0600000000004
15105,18,7,2298.9300000000003
17293,8,9,1854.06
16322,1,2,326.74999999999994
16869,22,4,817.1200000000001
17237,11,2,314.69
13744,95,2,1080.52
14540,9,3,952.66
17630,169,2,503.59999999999997
15167,320,1,158.79999999999998
15079,212,4,895.61
17800,37,9,1187.21
17358,303,2,360.80999999999995
18161,15,5,1618.69
14696,4,7,2078.95
17634,36,9,2358.59
14712,29,3,917.07
17286,21,1,151.37
17290,3,2,513.01
14259,141,1,120
14059,266,1,183.6
14272,73,2,437.96000000000004
17849,218,4,605.8000000000001
17442,36,6,2248.56
13242,112,3,270.40000000000003
17658,25,2,595.42
17123,161,1,345.29999999999995
14798,52,3,173.74
15716,145,4,1101.1100000000001
14362,22,1,151.50000000000003
15060,8,4,294.25000000000006
16454,44,2,6.9
17893,225,1,107.21000000000002
18261,43,2,324.24
14859,12,4,1353.74
13016,73,3,789.8899999999999
15218,10,11,5756.89
14185,331,1,197.65
17236,12,6,916.1300000000001
14818,73,3,657.8
14639,52,6,2984.49
15516,44,3,62.43
14819,64,2,272.07
16148,296,1,76.32000000000001
15005,15,28,6295.37
17384,19,2,336.4
16202,360,1,365.27
16423,24,1,346.12
18179,9,6,1793.1700000000003
17194,273,2,262.62
16947,235,1,406.48
13962,21,2,169.55
15988,19,1,156.78
14154,239,2,1345.62
17597,213,1,2044.37
14331,124,2,462.65999999999997
17388,77,4,1259.5600000000002
17742,113,2,355.11
16161,1,19,5533.67
17139,15,12,10650.77
14482,18,6,2022.81
18251,87,1,4314.72
15524,24,1,440
14256,260,2,969.06
14794,2,7,1319.91
14871,3,4,501.28
17274,35,1,107.82
16627,79,1,322.80000000000007
17459,43,2,657.3
13531,205,2,483.80000000000007
15665,168,2,2222.2099999999996
16127,39,1,656.25
14323,114,2,605.0600000000001
18229,11,20,7276.9
16586,248,1,463.95
12910,23,8,3075.0400000000004
16475,88,4,544.3
14459,155,1,1837.92
13046,30,2,629.31
14582,40,1,114.11
14539,15,2,537.48
14333,67,1,415.2
16644,177,2,833.78
17521,29,3,723.21
16882,66,3,705.12
15661,317,2,309.8
17869,107,5,428.18
14426,23,10,4481.67
15513,33,19,14758.22
13373,60,3,3312.2500000000005
13141,84,5,2388.75
14039,33,1,152.2
13295,359,1,201.2
17457,126,5,1737.7
13153,5,1,486.22
13050,14,17,5836.860000000001
16850,333,1,332.41
17438,253,1,388.45000000000005
15428,15,1,93.78
13561,215,1,141.86
16188,44,4,981.8599999999999
17682,10,6,2474.3299999999995
14557,85,1,788.38
16971,38,1,357.21
13379,26,3,572.56
14196,106,1,335.52
16889,194,3,1578.67
17256,107,2,240
12966,9,1,160.18
16943,211,3,816.7299999999999
13473,60,2,422.64000000000004
16603,74,2,482.47
17613,22,14,4544.55
13745,162,1,300.03999999999996
13001,4,13,9785.970000000001
16175,94,4,1037.5900000000001
15076,172,1,880.8499999999999
13959,79,3,594.04
16406,18,1,154.35000000000002
18272,2,6,3078.58
14030,18,8,2358.8399999999997
16034,196,3,437.69999999999993
15681,25,5,1426.16
13581,309,1,118
14619,245,1,394.43999999999994
15012,53,2,405.04
13602,64,1,428.89
15709,283,1,133.25
15245,134,3,2515.84
16257,176,1,46.95
16584,80,2,936.0799999999998
16110,45,3,1320.9500000000003
17165,284,1,158.68
13169,63,2,712.88
13405,74,3,572.4509999999999
17581,0,25,11025.24
14967,49,1,463.8
14593,21,3,617.15
13926,23,1,223.85000000000002
17797,22,3,780.4300000000002
13989,65,2,1266.08
17660,141,1,178.75000000000003
17698,260,1,154.95
17118,317,1,157.02
16045,119,4,1340.7
17752,359,1,80.64
13823,18,2,957.66
14714,24,1,160.19
17858,5,12,5140.66
14354,5,2,163.62
16184,64,6,1158.79
16833,1,4,1106.53
15593,70,1,199.8
17534,53,1,223.36
14367,8,16,9227.82
15745,19,4,1094.59
18217,29,2,621.7500000000001
14752,43,1,389.63999999999993
14503,3,6,3543.26
13948,360,1,101.99999999999999
17649,138,1,868.49
15888,80,1,168.31
15463,29,1,126.14
13515,72,4,891.12
15251,9,11,10484.99
17179,178,3,711.79
16650,71,1,518.4200000000001
16996,30,6,1456.9600000000003
14500,88,3,356.85
14162,173,2,289.36
16215,80,1,242.35000000000002
13658,9,5,2639.1700000000005
17879,173,1,178.51999999999998
13645,120,1,252.1
12847,22,1,843.6399999999999
13711,218,2,252.06000000000003
15518,64,8,1921.5500000000002
14821,366,1,48.800000000000004
16402,264,2,293.45
12936,17,4,1063.8999999999999
16351,332,1,153.9
17548,233,1,103.3
13509,8,7,979.72
15434,8,5,1041.48
16900,16,3,887.11
17595,12,2,386.69000000000005
17483,65,3,414.04
16213,78,1,159
13538,43,7,1280.8500000000001
17852,11,2,114.34
16163,232,2,856.6000000000001
13488,17,13,8968.31
13569,17,2,338.61999999999995
13062,191,1,346.98
15599,26,2,761.74
16816,103,4,417.06000000000006
15532,25,4,1564.73
14019,46,3,1421.61
16287,169,1,142.5
14048,305,1,409.93
17887,129,1,111.35
17731,79,4,1240.11
15058,25,11,2102.54
16326,5,14,3039.2200000000003
17673,1,6,1594.9699999999998
13506,316,2,458.52
14770,232,2,876.42
17025,60,3,357.77
14700,32,3,2195.0999999999995
13294,189,2,873.74
18121,149,2,653.3000000000001
16431,213,3,623.2799999999999
14851,23,2,511.3499999999999
14342,21,4,668.5600000000002
16029,38,63,80850.84
14904,2,2,1025.44
16276,176,1,810.6000000000001
13780,7,2,360.01000000000005
16369,18,3,1545.4100000000003
18017,81,3,523
13513,126,1,205.09999999999997
17166,38,2,206.33999999999997
13489,105,4,449.52
18188,15,3,2001.0399999999997
15093,18,6,4597.0199999999995
14740,197,3,1448.2099999999998
13878,54,1,1271.5699999999997
16525,2,26,13027.45
12893,30,1,176.54999999999998
15125,25,15,11528.480000000001
17394,219,1,203.86999999999995
16207,25,1,394.38
14601,10,1,213.96000000000004
17723,127,6,3276.4
17600,17,1,161.67000000000002
15226,310,1,154.41
16136,59,3,709.3800000000002
17449,2,7,2519.21
13107,44,4,1531.6200000000003
15756,61,4,528.01
15172,8,5,1624.05
17524,361,1,145
16511,21,3,918.33
16038,7,3,471.78
14452,10,2,259.05
13158,94,4,1201.06
18192,71,1,957.9699999999999
17405,1,3,1031.41
15343,87,1,364.5
13800,309,1,558.32
17970,211,1,562.7900000000001
17999,37,2,380.39000000000004
16510,372,1,248.10000000000002
13398,192,1,457.34000000000003
16240,24,2,3718.8
15963,19,2,470.76000000000005
14208,94,1,151.73999999999998
15561,11,4,800.5899999999999
14766,8,6,2473.37
16356,197,3,211.77
15276,66,1,128.63
13663,179,1,189.46999999999997
17545,43,3,642.3199999999999
16641,105,1,231.10000000000002
17929,11,4,843
16462,73,3,136
16842,100,3,1264.19
14401,4,13,4051.4799999999996
15376,40,3,1221.5599999999997
18246,23,2,596.0999999999999
14542,185,1,103.25000000000001
15144,8,17,6580.4400000000005
17381,8,29,20275.61
13938,35,1,71.66
16449,197,2,707.69
16960,38,3,507.05
17391,163,2,508.8
13862,18,8,2209.36
14067,63,2,374.7
12824,59,1,397.11999999999995
17382,65,1,65.4
15768,115,3,621.83
16210,1,18,21086.300000000003
14083,4,9,1002.9000000000001
12999,196,3,455.88
13232,12,7,1328.35
15737,14,8,1188.12
16800,11,1,1162.65
14406,119,1,156.75
12953,9,1,329.85
13006,56,1,81.57
17580,252,3,215.71999999999997
17675,1,31,20374.28
14522,24,4,974.54
13720,116,4,799.9
16928,80,17,2814.7
17997,74,8,1962.46
15136,2,4,1286.7000000000003
12968,112,1,135.95
16546,290,2,787.15
16764,3,13,2790.9500000000003
15289,29,3,939.78
13792,66,2,195.54999999999995
14271,225,1,112.32
16929,3,7,1295.3899999999999
15373,8,12,2415.9100000000003
14089,56,1,158.75
18033,65,1,93.82000000000001
15297,10,3,641.94
14609,72,4,601.5600000000001
13626,252,1,257.22999999999996
15646,157,3,447.64
13146,26,1,228.91
15360,39,1,427.92999999999995
13093,275,8,7832.470000000001
17251,362,1,269.83000000000004
14109,72,1,144.2
12832,32,2,383.03000000000003
13772,33,3,1122.63
15006,51,1,480.38000000000005
16607,17,14,3347.71
16020,16,3,851.01
15393,16,2,231.86
15321,70,3,2748.3100000000004
16569,3,1,124.2
12965,89,1,769.8100000000001
18227,217,1,93.75
15932,4,8,2495.8700000000003
14311,242,1,310.26
18040,19,2,357.2
17608,33,2,191.99
14165,275,1,120.44
18056,288,1,363.65
14212,89,1,1070.48
13848,92,3,1255
18269,366,1,168.6
14021,155,3,631.9000000000001
15621,4,4,1293.03
14428,7,5,1224.0600000000002
13121,269,1,283.72999999999996
18032,334,1,73.5
14816,197,1,271.85
14768,17,2,192.60000000000002
17995,281,1,76.1
13449,23,1,291.88000000000005
13132,261,1,77.3
14589,371,1,39.75
15097,4,1,248.07999999999998
15427,33,3,1430.54
16255,16,8,2619.91
15204,357,1,316.58
17320,100,3,1200.6200000000001
16830,38,1,325.90999999999997
15699,17,1,309.6499999999999
14383,38,3,1247.69
16775,10,11,1691.5100000000002
16278,100,1,566.38
13058,24,3,271.4
13015,53,5,3339.6400000000003
18249,17,1,95.34
15841,72,4,1224.06
17704,168,2,885.1899999999999
14350,274,1,282.92999999999995
15432,23,1,171.19
13106,133,1,76.5
12948,16,7,2064.95
16341,24,4,1971.87
16442,1,3,609.3
18119,367,1,180.69999999999996
15708,40,7,3235.25
14882,26,2,589.7
15901,16,3,351.73
13339,200,1,860.12
14583,5,5,986.9599999999999
16705,0,20,14034.990000000002
13875,53,5,1786.79
16768,47,3,478.0899999999999
16023,46,3,719.81
15597,35,1,324.57
12976,211,1,738.6
17939,159,1,99.14000000000001
13533,182,3,269.09000000000003
16393,2,13,3040.96
16401,1,12,4098.32
13562,81,3,1799.33
16808,99,2,288.42
17186,46,2,144
16692,256,2,1276
16362,32,5,709.99
16135,262,1,517.5500000000001
17799,22,10,3039.17
17890,322,2,586.8900000000001
14576,372,1,35.400000000000006
16706,37,3,531.3499999999999
13420,149,2,159.85
17555,19,2,480.31
15464,338,1,1044.65
13737,200,1,339.6
14810,40,11,2085.33
14353,215,1,90.6
15114,30,10,2760.5599999999995
15205,85,2,653.24
14828,196,3,2139.76
17418,42,2,463.46
13952,217,2,3251.071
17956,249,1,12.75
16395,60,5,1482.0600000000002
12897,204,2,216.5
14470,11,2,461.19000000000005
14147,78,2,483.4
12826,2,7,1474.72
18242,72,4,2232.4900000000002
14758,144,4,1484.06
17802,82,3,1285.04
13591,64,3,1117.1299999999997
13767,2,37,17220.36
15812,107,5,1801.14
16170,50,6,1885.0500000000004
13504,64,1,295.93000000000006
16945,21,19,4345.5
14498,42,5,1957.3200000000002
14895,7,20,11138.71
16828,93,2,128.5
13168,36,4,1299.5900000000001
14421,57,2,813.1100000000001
16378,247,3,362.9500000000001
17666,3,2,728.1599999999999
16659,189,1,39.12
16743,29,7,2213.13
17069,28,9,2709.7
14229,51,3,1547.2
18278,73,1,173.89999999999998
13560,7,1,171.42
13218,127,1,62.64
16982,60,1,384.06
13534,2,25,5870.08
15620,56,3,1553.1799999999998
15671,18,7,2657.13
14264,154,2,333.97
12956,306,1,108.07
17353,129,2,1740
13895,28,4,2593.0699999999997
17060,266,1,234.24
13133,273,2,109.80000000000001
13325,81,1,675.3
15965,17,4,808.87
16759,7,3,789.79
17977,29,1,288.14
14037,176,2,147.2
15471,2,1,454.48
13564,144,3,1724.67
15855,136,5,712.24
13686,182,1,72
15009,12,3,1259.4299999999998
16838,197,2,588.85
15656,45,4,748.5
15313,110,1,52
14890,253,1,125.65
13631,99,11,3070.42
17289,31,3,931.02
15723,364,1,190.70000000000002
16242,8,7,3579.8599999999997
15239,10,2,780.59
17133,15,7,4892.240000000001
15358,4,22,8347.2
17472,191,3,697.5400000000001
17795,179,2,342.82999999999987
12951,8,6,1064.07
17942,7,1,77.50000000000001
16526,171,1,290.35999999999996
13600,312,1,219.51999999999998
17973,51,1,337.03999999999996
15725,15,1,415.25
14591,15,4,1320.21
16124,317,1,249
17044,25,1,948.48
15002,115,4,1641.7599999999998
17836,47,1,110.21
14060,4,19,6140.42
16474,7,7,1810.65
15900,23,1,337.28000000000003
15147,240,1,623.5
16011,8,16,3352.96
18036,32,3,403.12000000000006
13549,25,7,918.1999999999999
14477,19,4,1309.6000000000001
17338,17,8,6493.54
17817,4,3,387.68
16505,31,1,777.6
14079,124,1,375.0999999999999
17212,253,1,226.85
16742,46,1,464.9
17757,1,30,5593.39
15168,25,1,106.56
17227,18,6,939.3199999999999
13858,57,1,216.17000000000002
15521,40,8,3000.2000000000003
14756,15,1,738.9599999999998
14416,22,2,490.2200000000001
18034,21,2,418.6799999999999
13954,1,2,439.92
14664,19,2,636.24
14087,2,1,191.47
16230,189,2,542.03
14352,157,4,1078.9600000000003
17552,60,4,930.41
13248,124,2,465.67999999999995
16416,26,3,1051.4
16399,19,2,408.02
13476,178,2,1238.47
15517,233,1,267.03000000000003
12933,24,3,607.53
16670,16,11,4095.9
14722,147,1,180.42
17253,18,1,178.26
16814,14,21,6416.700000000001
17965,37,14,2599.1899999999996
16054,145,1,783.9000000000001
14675,16,1,596.36
15069,179,1,1109.5300000000002
15100,333,3,876
13508,243,1,110.97000000000003
15856,4,27,16143.64
13484,241,1,313.8
13727,28,2,333.48
14595,19,6,1740.6000000000001
17700,16,4,2534.64
13369,365,1,308.28
14532,236,4,932.8500000000001
16751,30,1,1764.7199999999998
16332,28,7,1582.8
13853,57,1,1090.1399999999999
14205,16,2,466.70000000000005
13514,73,1,152.20000000000002
17010,18,1,195.36
17708,187,2,263.33
17636,19,1,285.55999999999995
14114,273,2,386.53
17050,96,6,3185.64
13417,4,2,640.83
13716,269,1,138.28
12844,29,2,325.96
15174,322,1,135.75
13756,2,14,5189.52
18189,77,2,1090.2400000000002
14431,302,1,470.36
13330,92,3,1140.93
13856,168,3,388.5
15472,113,1,371.5600000000001
18274,30,1,175.92000000000002
14655,8,4,1932.23
15156,1,3,961.4899999999999
14443,53,4,1420.2
15035,89,1,252.73000000000002
15679,24,4,781.2800000000001
15088,21,2,1160.0699999999997
13328,316,1,1308.48
14541,58,8,1453.35
13725,49,8,1980.56
13928,10,4,464.57
16623,245,1,129.45
14625,196,2,899.63
17676,4,6,1371.18
16949,3,6,1286.2700000000002
17940,49,10,4020.04
16198,75,1,400.681
15120,133,1,358.8199999999999
15970,303,1,314.1
17511,2,31,91062.38
15748,40,1,144.35999999999999
14764,46,1,278.3
14622,184,1,320.58
16144,246,1,175.2
14820,21,4,507.28999999999996
14907,3,7,3501.1000000000004
16503,106,4,1431.9299999999998
16863,31,2,502.8
13034,54,2,642.7700000000001
13798,1,57,37153.85
14013,110,3,473.02
17900,190,2,112.19999999999999
13047,31,10,3237.54
17889,212,2,201.37
15568,2,3,758.29
17486,261,1,396.87
15024,9,10,1636.4299999999998
16849,186,1,124.57
14524,31,9,1843.83
17460,94,6,622.43
16413,56,1,262.2
17525,359,1,422.7
13675,151,2,486.82000000000005
13023,64,2,689.9000000000001
18177,31,6,1340.87
18270,38,2,283.15000000000003
16560,26,2,841.4100000000001
14116,19,5,1382.7399999999998
17850,372,34,5391.210000000001
13973,287,1,264.7
13886,71,1,243.56
17287,26,7,1049.0600000000002
13522,30,1,125.80000000000001
14488,67,1,1064.2800000000002
16181,73,1,305.5400000000001
17109,29,6,881.29
14891,148,2,554.38
17791,29,1,106.1
17045,113,3,339.43999999999994
16106,65,1,108.38
15334,156,3,350.82
13455,24,2,1058.3400000000001
12985,0,2,1239.3799999999999
17788,73,2,1117.9
12924,88,4,933.7000000000002
14689,208,1,112.80000000000001
16159,281,1,348.2000000000001
16550,108,5,2298.97
17462,60,2,675.6899999999999
17500,17,3,1138
18183,227,2,632.0700000000002
14713,9,11,2662.2000000000003
13555,73,4,4098.88
13743,2,7,1341.6
16843,42,16,10196.570000000002
14866,10,12,14389.900000000001
17001,0,11,3989.5699999999997
13313,22,5,1555.32
16728,46,4,1048.28
16451,87,1,266.97
18055,7,10,6761.34
18276,43,1,335.8599999999999
16891,1,5,742.4300000000001
13678,151,1,232.6
13018,16,28,7277.700000000001
16903,29,1,363.2
17514,128,1,208.65
12945,288,1,462.95000000000005
15578,162,1,127.1
18142,157,2,1019.52
13784,9,11,2462.7899999999995
18096,11,3,849.06
14861,52,1,125.79000000000002
17671,15,4,1572.7100000000003
18110,19,1,198.8
16268,71,2,667.6500000000001
16392,269,1,217.89
15308,274,1,310.46999999999997
14031,7,19,17286.86
13344,67,3,2511.6900000000005
16957,239,2,416.64
15345,45,1,393.53999999999996
13402,127,2,621.2300000000002
16477,63,7,2494.46
13983,29,12,2603.4300000000003
15829,99,2,636.1399999999998
17180,56,4,783.9700000000003
12823,74,5,1759.5
16915,9,6,621.6800000000001
15090,308,1,381.32
16457,218,1,208.35999999999999
17279,57,1,187.82999999999998
18255,89,1,103.3
17232,2,2,417.77
17239,312,1,382.50000000000006
18143,116,2,1000.1600000000001
14847,148,1,309.4
16618,31,5,2647.5899999999997
16099,50,3,731.8999999999997
17561,19,1,165.11999999999998
18224,263,1,158.95000000000002
17221,7,2,334.48
17078,36,2,378.20000000000005
17035,245,2,433.53
13568,173,1,187.04999999999998
13381,31,6,3639.31
17068,12,21,4552.139999999999
17888,21,8,716
14348,260,1,409.57
13842,58,9,3385.6200000000003
15201,87,5,1236.54
17503,2,2,558.9599999999999
16241,9,13,2590.3100000000004
13575,23,5,732.07
12883,24,4,703.47
14948,23,6,1101.97
18135,29,5,681.9100000000001
13986,17,1,320.46000000000004
17138,275,1,380.5
18165,177,1,302.46000000000004
14666,24,1,195.25
14107,51,7,2703.23
17090,4,7,1974.6500000000003
18225,3,12,5504.960000000001
15099,84,1,410.48
14357,43,1,225.12
14472,103,8,1852.67
13719,15,5,1041.68
13917,49,2,272.03999999999996
14834,17,6,1720.3
16319,217,1,404.40000000000003
13244,92,1,121.74
13127,77,1,259.16999999999996
16272,116,1,411.7
18185,249,1,304.25
16638,22,10,1680.72
13615,318,1,417.6900000000001
16621,51,4,813.4800000000001
17669,42,7,3406.72
15820,319,1,206.98
16535,5,1,593.75
15549,77,3,1681.46
14808,39,8,2718.6
15241,66,8,1756.44
14732,8,8,2702.49
17386,7,6,2686.4200000000005
16654,141,4,601.2699999999999
17763,263,1,15
16984,88,2,4459.52
13824,32,5,1698.94
17331,123,1,175.2
13984,26,5,920.51
13740,240,1,350.75
13279,78,1,137.75
13436,1,1,196.88999999999996
16466,33,7,1595.96
16788,123,2,594.3899999999999
15356,31,10,2718.0300000000007
15852,186,2,160.70999999999998
17960,171,1,73.78
17528,1,8,3628.5
14534,2,18,4397.3
16688,1,4,1260.86
14412,42,2,770.0300000000001
12843,65,8,1702.2600000000002
13212,19,3,786.83
17080,22,2,287.62
14262,8,8,2618.2299999999996
16595,61,1,360.15999999999997
17175,44,4,1443.69
16338,157,1,214.8
16324,128,3,408.58999999999986
13040,8,2,676.99
15483,161,4,225.26000000000002
17190,58,2,444.74
14916,70,4,1268.98
13754,151,2,282.6
17396,39,8,7330.8
13972,70,2,190.25000000000003
15649,336,2,816
15791,43,2,1612.69
15073,9,3,1043.4099999999999
16015,3,3,704.55
15722,35,5,2211.2100000000005
17601,239,1,116.00999999999999
15808,306,4,3651.27
13014,10,10,3466.2799999999997
18146,140,2,160.35
14520,1,2,270.6
12902,264,1,138.67999999999998
17218,4,10,1951.97
13017,7,1,204
17674,74,2,551.0400000000001
16347,11,2,847.45
17062,313,4,533.3299999999999
15296,50,6,3672.8599999999997
16284,31,2,812.68
13134,85,4,1793.5800000000002
16902,116,1,1706.88
13211,10,3,1095.4199999999996
13021,4,9,2616.38
17633,31,4,1324.8400000000001
13278,40,1,542.73
14236,80,2,490.86
17692,127,4,740.9399999999998
17015,28,3,1838.6100000000001
13085,157,2,416.08000000000004
18268,134,1,25.5
18019,51,1,38.45
14146,8,5,4191
17124,185,1,294.24
13851,95,3,2651.4599999999996
15786,46,3,4919
15608,28,4,1093.68
16333,7,22,26626.8
15355,29,2,277.05000000000007
13904,37,2,332.64000000000004
17135,16,7,1139.73
13544,39,2,276.06
14320,206,2,477.78999999999996
13497,282,2,348.04999999999995
16478,25,3,331
14241,183,1,213.70000000000005
15865,40,3,895.13
17972,241,1,135.19
15456,283,3,434.59000000000003
17344,46,1,157.61999999999998
13199,3,38,9817.119999999999
13976,206,1,357.98
13669,50,2,218.55
16820,95,1,497.61
13243,203,1,585.12
17569,332,1,344.13999999999993
17582,236,1,175.27
16191,2,13,5180.52
14725,24,1,655.5800000000002
13652,45,3,1095.08
15083,256,1,88.19999999999999
17696,38,8,2285.7100000000005
17096,15,4,1022.1299999999999
14633,266,1,344.9000000000001
17081,25,2,288.91
17812,12,4,699.81
15400,92,5,716.2
16006,211,1,101.4
16990,218,1,179
14349,10,1,133.5
16883,187,2,272.47999999999996
18191,261,1,207.79999999999998
13721,36,1,524.1400000000001
13410,24,5,1003.0600000000002
16258,45,5,5203.510000000001
18125,29,4,1131.75
17631,1,3,528.3300000000002
14506,17,5,1960.6499999999999
17520,53,1,546.81
16825,38,2,775.1800000000001
15704,140,4,2293.62
15287,22,2,486.69
15840,58,2,355.55999999999995
14570,280,2,218.06
16256,266,1,752.4300000000002
17038,30,1,112.40000000000002
14813,369,2,152.87999999999997
14152,75,2,621.29
17535,280,1,164.39999999999998
14651,67,2,653.7499999999998
15615,10,23,10399.74
17737,9,2,168.24
13162,122,4,1688.2899999999997
17140,247,1,454.12
14799,51,1,157.70000000000002
17718,232,1,139.35
13249,92,3,711.41
14854,78,7,2740.03
17905,71,4,798.99
15789,358,1,351.3
16696,135,4,657.9000000000001
15660,25,9,1600.86
16847,43,1,193.44
16777,80,2,222.62
16557,24,2,281.84999999999997
16899,7,6,1271.06
15803,51,1,415.82000000000005
15303,290,1,574.02
14038,78,3,1560.3799999999994
16871,22,6,2812.34
13799,116,2,688.8600000000001
16718,369,1,606.0500000000001
15556,24,1,279.77
14918,115,2,1610.1499999999996
18106,329,1,421.9
13828,22,1,209.49000000000004
12971,3,86,11189.91
14600,305,1,393.33
17357,24,2,384.39
14870,261,1,327.24999999999994
17522,1,5,1070.71
15971,17,12,4199.85
17309,95,1,82.75
14052,19,1,225.36
16308,37,4,2560
17284,60,6,1647.48
14762,263,1,300.52
13137,10,8,3603.29
13552,66,12,3740.0699999999997
12837,173,1,134.1
15314,199,1,327.96999999999997
14235,75,5,3144.86
17722,96,4,2424.04
14587,18,9,1580.29
13421,40,2,1833.7099999999998
17416,29,7,6893.42
14737,3,3,1164.55
16658,368,1,123.24
15805,23,17,5488.18
15264,64,1,393.7400000000001
13198,10,6,3401.24
15042,199,1,135.93
17463,16,5,1875.86
14460,110,3,434.34000000000003
13706,302,1,330.79
15787,26,3,933.26
14957,253,1,58.49
14642,58,1,96.12
15906,19,7,1567.6899999999998
12895,42,2,372.8
15777,241,4,1047.1100000000001
16042,22,5,1177.47
16626,0,17,4413.1
17644,1,11,2895.64
16619,263,1,226.21
14894,85,1,655.7499999999999
17491,1,10,3558.8700000000003
16150,42,5,2053.02
13035,73,2,921.88
14163,87,4,2445.9100000000003
13629,23,11,7792.360000000001
15763,31,2,1086.9200000000003
15111,29,3,1567.4799999999998
14584,169,4,1033.0600000000002
14248,318,1,302.58
17695,131,2,765.3400000000001
13778,103,1,178.7
13092,70,5,477.83000000000004
13860,1,5,1245.9
13576,10,18,6717.34
14553,19,5,859.2700000000001
14386,296,1,142.4
13731,219,2,610.59
15374,128,1,168
17440,156,3,186.42
14314,106,1,120
15648,204,2,639.5
15465,19,18,7354.619999999999
17339,94,2,243.36
14910,2,4,434.35
13806,63,1,256.38
15854,4,12,2969.12
17351,36,3,587.15
15775,245,1,104.9
15506,22,3,972.0799999999999
14020,16,2,642.8000000000001
14295,40,1,166.2
16063,260,1,335.32000000000005
13426,0,10,3641.3199999999997
15540,11,1,213.30000000000004
16152,268,1,1829.0399999999997
16352,17,2,494.44
15478,40,2,1399.9199999999998
14223,92,3,991.1300000000001
17022,31,1,71
15714,11,2,330.03
17094,322,1,301.99999999999994
14505,17,8,5859.43
15444,9,2,1411.2100000000003
13216,267,1,333.74
18030,4,2,230.64999999999998
14865,7,2,52.2
13529,78,2,307.76
14243,8,10,2588.7699999999995
15494,21,2,1280.58
16515,52,5,1624.14
18262,140,1,149.48
13101,234,1,101.19
16169,8,4,1822.9700000000003
15637,52,1,223.36
16357,33,3,658.88
18273,2,3,204
16600,4,6,813.5199999999999
13881,3,20,17159.52
13712,246,1,228.83999999999997
17146,105,3,749.78
14662,28,4,741.3699999999999
13298,1,1,360
16200,4,2,1068.87
14862,25,2,841.2
16906,81,4,559.5900000000003
13610,12,7,1082.33
17712,44,1,522.91
16018,39,2,408.90000000000003
16370,82,4,1301.9099999999999
16681,72,6,1770.3400000000001
17453,17,2,486.71999999999997
14409,71,6,2059.4500000000003
17848,81,9,901.2
18257,39,8,2337.6300000000006
16726,26,5,1358.7400000000002
16473,164,3,316.11
15557,28,1,468.90999999999997
14744,16,7,1099.98
17648,60,4,1797.5
14201,60,7,747.4400000000002
16057,16,7,2263.12
13666,60,3,84.65
13599,1,21,5149.92
15045,151,2,735.6600000000001
18066,75,1,318
17609,40,5,1105.78
15115,18,1,340.11
14552,151,1,164.22
15187,1,16,4777.180000000001
15263,106,1,156.50999999999996
16761,96,1,316.62
13466,184,1,307.90000000000003
16128,17,5,1880.2199999999998
14004,43,7,4582.639999999999
17560,94,5,854.9500000000002
13002,318,1,120.94999999999999
14730,1,8,1897.5700000000002
17557,14,3,541.4599999999999
18085,330,2,689.9499999999999
17554,1,5,1952.4499999999998
16225,44,5,1096.3200000000002
14569,1,1,227.38999999999996
14863,29,1,266.76
16036,87,2,758.9199999999998
17839,42,1,318.15000000000003
16121,57,2,854.66
16424,191,1,133.56
16012,35,3,1415.29
17492,248,1,374.57
17906,247,1,72.9
16162,252,1,37.4
15021,8,9,1871.77
15769,7,26,56252.72
15897,194,2,208.59000000000003
14731,47,3,380.02000000000004
15379,169,7,3703.29
15923,372,1,127.08000000000001
16665,362,1,135.39999999999998
15411,26,4,1348.9300000000003
17371,17,3,418.40000000000003
16498,161,2,100.97000000000001
15315,64,2,570.5000000000001
18263,25,3,1213.1599999999999
16456,99,5,2158.1800000000003
14502,19,11,2429.83
16770,57,5,757.0999999999999
16968,4,2,439.43
13213,56,5,1520.58
15025,33,1,361.96
17564,24,3,454.01
14483,281,1,137.1
17785,53,1,131.94
16488,33,3,498.79999999999995
15754,51,3,458.57
15533,19,3,807.57
13441,91,1,296.64000000000004
18184,15,1,49.8
14951,79,1,311.69000000000005
17083,109,3,1405.78
16364,11,2,705.78999999999985
13685,2,7,3119.44
13656,164,2,379.65000000000003
15215,46,3,734.9399999999999
14561,75,3,1080.76
17686,7,7,5739.460000000001
16185,16,2,529.4100000000001
16611,186,1,129.49
17843,303,1,205.48000000000002
17291,308,1,550.8000000000001
15208,1,5,870.12
16914,36,1,183.75999999999996
14985,198,2,292.01
15224,358,2,322.0799999999999
17505,161,2,1145.84
14958,147,3,483.73
15998,36,5,3080.2200000000003
17042,2,5,1036.5800000000002
14481,164,2,636.51
15891,226,1,511.67999999999995
13978,14,2,196.79
14512,187,2,275.28
13956,5,5,1019.2700000000001
14672,234,2,765.55
15544,9,9,3546.7100000000005
16789,8,1,80.8
16081,56,5,2799.42
16182,72,4,6617.65
16893,366,1,145.93
14305,71,3,1858.9600000000003
17181,57,2,239.91999999999996
18086,274,1,101.33999999999999
18093,93,4,2106.52
16738,297,1,3.75
18010,256,1,174.79999999999998
15974,39,7,3442.15
16398,154,2,1705.8
16325,46,3,594.24
16433,28,1,184.26
14789,28,1,197.64000000000001
16748,17,5,1515.8999999999999
15043,31,1,537
17469,16,5,1870.9700000000003
15473,14,7,1771.2
18248,122,2,804.02
13000,106,3,534.8500000000001
14027,60,1,104.82000000000002
16596,15,2,250.14999999999998
16861,59,2,173.76
18045,45,1,178.33999999999997
16594,75,1,181.09
15039,9,47,19766.59
13832,19,1,52.199999999999996
14085,2,18,4421.290000000001
17727,15,1,1060.25
15870,32,1,351.44000000000005
16209,88,5,2262.6199999999994
15421,58,4,950.36
13584,306,1,142.4
15643,191,3,664
16248,61,1,152.94
16752,372,1,207.5
17796,40,4,690
17173,5,8,3766.5999999999995
15727,16,7,5159.0599999999995
14629,4,2,955.2600000000001
16942,12,9,1904.99
16444,46,4,654.6700000000001
13644,16,4,2624.26
14688,7,21,5579.1
14284,30,2,595.25
13736,5,2,729.8
17811,4,39,7761.82
15753,304,1,79.2
13321,72,2,567.36
14117,143,1,90
17655,10,7,2638.9400000000005
17855,372,1,208.97
18118,10,26,5625.08
16851,4,3,342.45000000000005
16327,14,6,3820.27
17809,16,12,5411.91
14214,30,5,1004.3800000000001
16007,47,4,1693.81
13923,53,1,351.13000000000005
17542,269,1,170.75
17707,185,2,152.39999999999998
17433,88,1,303.15999999999997
16963,187,1,110.55000000000001
17914,3,1,329.35999999999996
16497,49,6,2965.69
13193,61,1,112.08
16858,368,1,375.69000000000005
14209,10,6,2073.4300000000003
15071,93,2,982.07
13171,21,3,468.40999999999997
14191,1,13,4684.76
15654,9,2,922.5300000000001
14436,98,1,89.06
17618,5,3,930.2800000000001
17955,198,4,557.3
15106,17,5,1422.52
13922,351,1,172.24999999999997
16361,9,4,891.21
13741,71,3,668.4300000000001
16164,17,3,822.48
13099,99,1,207.35999999999999
16566,15,5,614.6600000000001
15860,40,8,965.1599999999999
16556,66,7,3313.79
15048,65,4,381
15821,44,2,570.9599999999999
12909,39,5,2178.67
14282,3,15,3701.4400000000005
17334,302,2,307.02000000000004
16430,57,1,300.85
13005,173,2,513.6999999999999
15755,10,6,2364.25
15838,11,19,33643.079999999994
15947,82,1,1708.24
16795,365,1,414.87999999999994
15130,169,1,330.11000000000007
14023,7,2,584.0699999999999
15197,10,3,1079.6100000000001
17925,372,1,244.08
13931,95,2,1237.53
16723,91,2,576.4
15398,16,2,1345.5300000000002
14261,50,2,1163.45
15392,4,4,1535.53
17100,18,2,971.74
15367,57,4,1877.5900000000004
12856,7,6,2170.7799999999997
13210,93,1,353.48
15150,17,10,5291.33
17267,127,2,317.2
15184,29,2,402.2
15182,154,2,622.8499999999998
15007,159,1,156.91000000000003
17475,79,1,194.36999999999995
17625,18,4,2020.4
16183,67,1,338.7100000000001
13649,256,2,346.6
13418,11,18,6127.43
15070,372,1,106.2
16482,15,1,220.62
17831,33,1,35.400000000000006
17985,22,1,631.3499999999999
15550,4,4,575.6300000000002
16936,25,1,261.90000000000003
15469,50,2,538.5500000000001
16877,12,6,846.62
16366,18,1,327.3
13194,135,1,60.7
13929,169,2,842.65
12974,197,1,144.8
12829,336,2,293
15807,50,3,903.9000000000001
16239,56,2,414.2
16389,53,4,1382.0699999999997
13937,169,1,158.85
15365,25,7,2314.32
17701,252,1,417.95000000000005
14056,1,23,8152.710000000001
13835,25,4,834.57
16187,31,15,6911.4400000000005
15587,50,4,913.6800000000001
15571,11,4,650.4300000000001
13634,33,5,1547.3599999999997
15706,63,4,1060.56
17252,116,2,348.90999999999997
17006,4,4,781.78
15541,114,1,85.13
15408,264,1,267.18
14836,10,3,102.44999999999999
16205,30,4,757.63
14528,37,1,364.21999999999997
16979,3,6,1852
14772,112,1,139.26
17117,288,1,116.19999999999999
12931,21,15,42055.96
13753,287,1,741.26
16628,29,5,2188.05
15950,31,4,1744.71
13707,267,2,806.41
15565,50,2,173.16000000000003
16884,37,2,429.84000000000003
15095,103,4,1370.6
13260,61,1,557.62
18122,8,6,1793.0600000000002
15389,172,1,500
14224,110,4,1009.73
17376,70,2,203.2
14673,3,5,1736.4
17075,17,4,834.1199999999999
14036,284,1,626.65
15030,71,2,518.28
16303,25,3,5360.630000000001
18216,31,1,481.74999999999994
14690,44,2,355.05000000000007
14585,50,1,157.05
15652,91,1,337.74
14829,29,4,697.55
15912,178,2,264.61999999999995
17647,65,1,133.06
14538,64,2,388.24999999999994
15410,84,8,3450.8400000000006
16912,28,11,2555.5800000000004
14057,23,17,6211.66
14755,9,11,5010.280000000001
14133,129,3,605.6399999999999
18181,24,1,366.84999999999997
16676,33,4,1592.12
15659,43,1,306.45000000000005
13483,65,1,140.34
17454,192,4,517.53
14176,297,4,576.9
17760,21,2,287.59000000000003
14463,98,3,529.62
17144,1,2,984.5699999999999
16653,16,2,1212.6600000000003
16656,22,15,8625.800000000001
15790,10,1,218.75000000000003
13662,85,3,881.26
14029,63,2,467.66
17880,364,1,458.91999999999996
13759,33,2,659.41
17771,56,2,245.81000000000003
14888,207,1,369.2
14987,15,2,326.4
16700,8,13,5076.550000000001
13139,16,7,5064.9400000000005
18006,23,1,444.68
17306,10,19,8631.310000000001
13161,313,1,112.75
17051,194,1,240.89
16065,365,1,367.14
16829,156,1,197.22
14286,23,3,4628.75
14142,373,1,311.81
15133,127,3,982.4199999999998
16313,3,2,274.15000000000003
17968,373,1,265.09999999999997
15438,131,1,156.57999999999998
16581,182,1,105.84
17573,29,3,380.59999999999997
16780,100,2,422.24
16102,42,3,1842.14
17769,12,10,3957.43
18281,180,1,80.82
16561,5,2,511.12
13108,372,1,350.05999999999995
15634,17,1,243.55
18071,257,2,453
15511,11,5,900.53
17937,8,7,4301.22
13636,36,5,949.12
16954,0,9,2085.08
15625,103,4,1534.26
17235,25,2,550.0600000000002
15683,117,1,193.75
15574,177,4,675.64
15270,15,7,2379.49
14676,31,6,2548.2400000000002
17846,85,1,2033.1
17373,40,4,646.9200000000001
17986,56,1,20.8
17330,22,2,363.9
16660,16,4,1267.6499999999999
14573,179,9,1639.8200000000002
15680,9,3,1333.6799999999998
17317,46,3,2600.34
17266,2,3,296.58
13280,122,3,798.46
12962,7,2,266.39
17242,108,2,1135.04
14860,19,1,170.32
13126,4,8,2099.64
14000,211,1,635.6600000000001
17994,121,4,674.89
17082,33,2,2003.85
13971,18,8,2758.26
14231,183,3,925.71
15081,22,5,504.79999999999995
14044,26,4,646.4200000000001
12967,358,2,1660.9
13118,19,5,1197.81
17969,166,2,228.20000000000002
13536,1,7,3444.39
16094,11,4,1078.2299999999998
13098,1,28,28882.44
13265,53,5,2092.6600000000003
16734,52,3,646.76
14704,11,9,1493.96
15225,234,1,409.4000000000001
15019,266,1,252.81
17816,36,4,36.559999999999995
15457,262,1,237.07
14075,4,3,942.26
16739,176,1,323.00000000000006
16848,52,1,281.42
16639,31,3,1257.51
14280,196,1,134.04
17650,21,1,166.07999999999998
13177,64,1,282.45
16147,133,1,374.99999999999994
16720,26,1,152.95
16010,245,3,392.4
12908,176,2,750
13868,7,2,3192.54
13774,81,1,345
17576,8,19,3564.83
12871,84,2,380.64000000000004
16918,49,6,1068.8200000000002
14537,57,1,355.56000000000006
13320,78,4,1532.1999999999998
16221,36,3,860.86
13632,24,5,2118.9300000000003
15370,40,7,2386.05
13030,11,2,752.4399999999999
14150,35,2,658.64
15154,75,1,254.27999999999997
12849,31,2,1010.2900000000001
17789,281,1,225.9
15119,245,1,266.4
17835,2,3,342.23999999999995
17724,71,3,1033
15669,40,4,684.34
14974,37,1,89.94
14138,1,2,965.8800000000002
15503,362,1,141.04
14102,5,5,1105.8799999999999
14188,30,6,2054.36
14708,2,3,1126.37
13345,287,1,389.5
13029,30,3,1247.5
15265,151,2,1506.12
16345,44,1,565.46
16539,2,4,1388.81
13730,135,2,752.6
14112,22,7,2915.15
17827,5,5,1987.33
15531,8,2,1972.3899999999999
18099,127,1,168.31
15333,208,1,1028.56
12346,325,1,77183.6
16186,22,12,4006.9400000000005
16587,232,1,225.14999999999995
15619,10,1,336.40000000000003
17733,38,2,692.1899999999999
14373,358,1,76.55
16801,163,4,1594.23
14387,32,3,1727.6000000000001
18219,2,10,2069.77
13230,4,14,2755.6299999999997
13755,3,9,2108.06
17761,32,1,712.78
15596,100,5,1406.5900000000001
12884,88,1,309.05000000000007
17865,30,20,10526.32
14290,11,5,2314.6499999999996
18138,295,1,152.65
17979,35,4,732.41
15667,39,1,301.32000000000005
15675,81,3,323.69
13203,9,4,869.4599999999999
13659,205,2,1563
14377,191,2,617.05
15406,31,2,510.71000000000004
17303,361,1,250.03999999999996
14815,36,2,778.5
17076,36,3,841.0799999999999
16985,17,10,5464.119999999999
15655,243,1,560.6700000000001
16714,218,3,1129.06
15967,23,2,397.67999999999995
16980,255,2,1028.46
16337,36,1,151.05
17063,21,7,1461.14
15192,119,3,1044.3200000000002
16204,23,1,384.18
13411,107,1,213.55
13606,29,3,276.75
14237,373,1,161.00000000000003
13889,92,1,416.9
16558,0,20,8338.490000000002
14245,219,2,1693.4499999999998
14705,198,1,179
17238,2,17,3719.1000000000004
17935,138,2,145.79000000000002
15462,94,3,234.6
15498,2,27,13316.400000000001
16315,330,1,226.37
13149,14,4,1676.0600000000002
17489,58,2,376.63999999999993
18215,89,1,299.34
16485,77,1,363.65
14701,10,9,2526.09
16602,36,1,528.0799999999999
14055,106,1,725.6400000000001
13043,273,1,516.4200000000001
18043,24,3,529.29
14437,365,1,63
14356,79,2,701.23
16461,177,1,142.92
18250,310,1,349.27000000000004
17728,3,3,2876.01
14006,115,3,962.1899999999999
13273,113,1,138.98
17516,15,5,764.8799999999999
14462,66,11,1980.57
13334,82,3,3502.32
16302,126,1,233.22
15228,66,4,3386.71
17189,106,2,383.75000000000006
14345,38,1,108.97999999999999
17329,14,2,523.11
13837,211,2,266.59000000000003
13623,30,5,727.7399999999999
14148,233,1,157.2
17049,2,9,5655.030000000001
17678,263,1,298.11
17967,371,1,112.26999999999998
15505,52,5,3610.96
16678,2,12,3109.99
16415,44,1,200.26999999999995
14364,108,8,3717.35
13013,1,13,4810.94
17029,110,2,716
13849,51,2,1537.95
16126,29,4,6287.77
13914,11,2,626.45
15640,4,15,12416.109999999999
16878,84,1,13.3
17621,21,3,1379.8999999999999
12828,2,6,1018.71
17277,227,2,1065.3500000000001
17456,365,1,249.86
13460,29,2,183.44
15601,11,14,6776.56
16247,170,1,114.56
13277,15,4,258.4
16447,135,1,255.91
16796,89,1,305.61999999999995
13742,16,12,3107.8700000000003
17345,15,4,519.69
16758,65,1,369.34000000000003
17892,56,3,244.10000000000002
16837,31,11,3170.9799999999996
14511,11,5,1314.8100000000002
15433,213,2,533.3
15423,38,1,43.5
13358,268,1,439.03000000000003
14897,7,4,1366.38
17883,3,4,664.34
16495,3,3,648.26
13866,74,1,145.67
16140,65,2,725.1800000000001
15346,332,1,252.42000000000002
16005,12,4,578.71
15437,262,1,200.16
13437,14,7,3408.0600000000004
16422,17,51,34684.4
13925,92,4,678.25
15514,12,11,4023.72
17085,123,5,1562.4
17988,11,7,201.11999999999998
17926,133,2,397.29
16281,72,1,2062.0600000000004
13650,16,6,1836.3400000000001
14597,11,2,866.2400000000001
13518,85,1,627.1600000000001
16049,40,3,1074.81
17011,30,1,270.9
15510,330,1,250
14073,32,1,151.04
15033,4,10,2557.18
14652,77,1,114.18
16823,227,1,358.37999999999994
16076,3,10,2234.73
14126,7,3,706.1300000000001
16062,9,4,1153.62
14077,40,5,499.4200000000001
17411,12,3,778.9399999999999
13375,88,1,778.65
16948,138,3,435.02000000000004
14747,249,1,328.19999999999993
14407,107,6,2157.73
17767,15,1,271.20000000000005
16563,53,1,1077.74
15049,273,1,121.17000000000002
14544,24,2,2004.3000000000004
14995,38,2,231.98000000000002
14022,225,1,440
15738,18,16,4812.42
17931,134,2,408.36
13332,14,1,350.9
16483,192,1,139.35
14177,86,4,549.46
17040,137,1,449.72999999999996
13668,2,21,6309.83
12919,8,6,1335.19
13748,95,5,948.2499999999999
17950,72,3,482.2
17392,306,2,417.27
16009,22,4,972.1100000000001
17746,240,1,110.25000000000001
17214,60,6,1059.12
15269,23,1,408.8
14110,3,12,5683.1500000000015
17243,1,26,8540.05
14547,3,8,3974.7500000000005
16494,296,1,826.5299999999999
15299,67,7,4507.01
13941,21,5,5112.96
16518,61,2,484.32000000000005
16642,4,2,688.33
16953,30,1,20.8
15993,8,7,2777.67
16978,77,1,344.3299999999999
15000,47,1,490.52000000000004
16969,39,3,650.4100000000001
15440,54,3,383.68
18027,98,1,115.30999999999999
15850,19,2,234.88
14299,8,9,3965.62
15573,31,2,591.1899999999999
15894,253,2,258.25
17919,88,1,1304.0400000000002
13262,263,1,200.29
16056,45,1,650.75
14111,14,4,692.85
13990,213,1,311.3
18283,3,16,2045.53
16174,126,3,1009.55
15091,67,1,480.71
13283,59,2,93.66
14424,17,1,322.08
15366,75,2,602.5100000000001
16834,227,1,413.46000000000004
14529,60,3,578.6099999999999
13221,240,2,847.4100000000001
16092,114,3,817.86
16368,2,2,479.90999999999997
13771,64,4,2634.45
17874,185,6,683.46000000000015
15883,2,2,396.47999999999996
15089,10,6,2420.84
17105,159,2,665.7799999999999
16686,47,7,2959.88
17370,72,4,446.17999999999995
16376,8,2,974.9599999999999
14975,57,1,279.94
15149,133,1,520.8
16769,260,1,361.5399999999999
13570,243,1,239.49000000000004
15916,16,8,1502.8600000000001
17298,101,2,498.42
15110,23,4,996.1
13366,50,1,56.160000000000004
14649,4,4,1402.59
17921,64,4,820.2299999999999
16309,106,2,706.57
17362,239,2,312.22999999999996
12873,282,1,374
13470,99,2,165
14239,43,11,2380.8500000000004
16682,4,5,1027.9999999999998
17866,142,1,329.65
15547,7,14,4910.6
15985,123,2,1142.4199999999998
13897,50,1,311.15999999999997
17348,14,5,1156.6
16359,7,9,1750.9200000000003
14817,200,2,1110.3400000000001
13167,18,4,791.3299999999999
13955,154,2,322.96
14852,58,6,2836.69
14669,241,3,1259.2400000000002
16856,14,1,35.400000000000006
16613,70,1,618.5900000000001
12939,64,8,11581.800000000001
16305,138,1,361.21999999999986
15101,8,2,317.53
18035,35,3,713.8900000000001
